#---Adresy---------------------------------------------------------------------------------------------------------
INSERT INTO Adresy (ID_adresu, kraj, miasto, kod_pocztowy, ulica, nr_domu, nr_mieszkania) VALUES(1, 'Polska', 'Łódź', '90-457', 'Świętego Stanisława Kostki', '113', NULL);
INSERT INTO Adresy (ID_adresu, kraj, miasto, kod_pocztowy, ulica, nr_domu, nr_mieszkania) VALUES(2, 'Polska', 'Poznań', '60-119', 'Andrzejewskiego Antoniego', '58', NULL);
INSERT INTO Adresy (ID_adresu, kraj, miasto, kod_pocztowy, ulica, nr_domu, nr_mieszkania) VALUES(3, 'Polska', 'Płock', '09-403', 'Jachowicza', '40', NULL);
INSERT INTO Adresy (ID_adresu, kraj, miasto, kod_pocztowy, ulica, nr_domu, nr_mieszkania) VALUES(4, 'Polska', 'Warszawa', '01-641', 'Marii Kazimiery', '112', NULL);
INSERT INTO Adresy (ID_adresu, kraj, miasto, kod_pocztowy, ulica, nr_domu, nr_mieszkania) VALUES(5, 'Polska', 'Sopot', '81-753', 'Bohaterów Monte Cassino', '24', 3);
INSERT INTO Adresy (ID_adresu, kraj, miasto, kod_pocztowy, ulica, nr_domu, nr_mieszkania) VALUES(6, 'Polska', 'Gdańsk', '80-177', 'Kminkowa', '142', 9);
INSERT INTO Adresy (ID_adresu, kraj, miasto, kod_pocztowy, ulica, nr_domu, nr_mieszkania) VALUES(7, 'Polska', 'Warszawa', '04-002', 'Lubomira', '39', 4);
INSERT INTO Adresy (ID_adresu, kraj, miasto, kod_pocztowy, ulica, nr_domu, nr_mieszkania) VALUES(8, 'Niemcy', 'Düsseldorf Hafen', '40219', 'Friedrichstrasse', '32', NULL);
INSERT INTO Adresy (ID_adresu, kraj, miasto, kod_pocztowy, ulica, nr_domu, nr_mieszkania) VALUES(9, 'Włochy', 'Spina PG', '06050', 'Via Silvio Spaventa', '107', NULL);
INSERT INTO Adresy (ID_adresu, kraj, miasto, kod_pocztowy, ulica, nr_domu, nr_mieszkania) VALUES(10, 'Polska', 'Warszawa', '00-253', 'Kapitulna', '47', 1);
INSERT INTO Adresy (ID_adresu, kraj, miasto, kod_pocztowy, ulica, nr_domu, nr_mieszkania) VALUES(11, 'Polska', 'Warszawa', '02-610', 'Goszczyńskiego Seweryna', '37', 8);
INSERT INTO Adresy (ID_adresu, kraj, miasto, kod_pocztowy, ulica, nr_domu, nr_mieszkania) VALUES(12, 'Polska', 'Poznań', '61-059', 'Rugijska', '76', NULL);
INSERT INTO Adresy (ID_adresu, kraj, miasto, kod_pocztowy, ulica, nr_domu, nr_mieszkania) VALUES(13, 'Polska', 'Morawica', '26-026', 'Wolności', '22', NULL);
INSERT INTO Adresy (ID_adresu, kraj, miasto, kod_pocztowy, ulica, nr_domu, nr_mieszkania) VALUES(14, 'Polska', 'Kielce', '25-345', 'Mazurska', '66', 79);
INSERT INTO Adresy (ID_adresu, kraj, miasto, kod_pocztowy, ulica, nr_domu, nr_mieszkania) VALUES(15, 'Polska', 'Kietlin', '97-500', 'Radomszczańska', '19', NULL);
INSERT INTO Adresy (ID_adresu, kraj, miasto, kod_pocztowy, ulica, nr_domu, nr_mieszkania) VALUES(16, 'Polska', 'Opoczno', '26-300', 'Limanowskiego', '33', NULL);
INSERT INTO Adresy (ID_adresu, kraj, miasto, kod_pocztowy, ulica, nr_domu, nr_mieszkania) VALUES(17, 'Polska', 'Kraków', '30-713', 'Szklarska', '127', 55);
INSERT INTO Adresy (ID_adresu, kraj, miasto, kod_pocztowy, ulica, nr_domu, nr_mieszkania) VALUES(18, 'Polska', 'Wrocław', '52-110', 'Topolowa', '69', 69);
INSERT INTO Adresy (ID_adresu, kraj, miasto, kod_pocztowy, ulica, nr_domu, nr_mieszkania) VALUES(19, 'Polska', 'Łódź', '93-647', 'Nad Stawem', '5', 17);
INSERT INTO Adresy (ID_adresu, kraj, miasto, kod_pocztowy, ulica, nr_domu, nr_mieszkania) VALUES(20, 'Polska', 'Kielce', '25-223', 'Jaśminowa', '27', 11);
INSERT INTO Adresy (ID_adresu, kraj, miasto, kod_pocztowy, ulica, nr_domu, nr_mieszkania) VALUES(21, 'Polska', 'Kraków', '30-515', 'Generała Kutrzeby Tadeusza', '78', 8);
INSERT INTO Adresy (ID_adresu, kraj, miasto, kod_pocztowy, ulica, nr_domu, nr_mieszkania) VALUES(22, 'Polska', 'Warszawa', '00-286', 'Brzozowa', '70', 2);
INSERT INTO Adresy (ID_adresu, kraj, miasto, kod_pocztowy, ulica, nr_domu, nr_mieszkania) VALUES(23, 'Polska', 'Warszawa', '03-749', 'Wiosenna', '50', NULL);
INSERT INTO Adresy (ID_adresu, kraj, miasto, kod_pocztowy, ulica, nr_domu, nr_mieszkania) VALUES(24, 'Polska', 'Kraków', '30-145', 'Przyjemna', '123', 321);
INSERT INTO Adresy (ID_adresu, kraj, miasto, kod_pocztowy, ulica, nr_domu, nr_mieszkania) VALUES(25, 'Polska', 'Kielce', '25-212', 'Grenadierów', '41', 22);
INSERT INTO Adresy (ID_adresu, kraj, miasto, kod_pocztowy, ulica, nr_domu, nr_mieszkania) VALUES(26, 'Polska', 'Wrocław', '52-336', 'Zabrodzka', '10', 13);
INSERT INTO Adresy (ID_adresu, kraj, miasto, kod_pocztowy, ulica, nr_domu, nr_mieszkania) VALUES(27, 'Polska', 'Wrocław', '54-622', 'Giżyckiego Kamila', '98', 32);
INSERT INTO Adresy (ID_adresu, kraj, miasto, kod_pocztowy, ulica, nr_domu, nr_mieszkania) VALUES(28, 'Polska', 'Gdańsk', '80-268', 'Wojska Polskiego', '4', NULL);
INSERT INTO Adresy (ID_adresu, kraj, miasto, kod_pocztowy, ulica, nr_domu, nr_mieszkania) VALUES(29, 'Polska', 'Łódź', '94-319', 'Filomatów', '65', 37);
INSERT INTO Adresy (ID_adresu, kraj, miasto, kod_pocztowy, ulica, nr_domu, nr_mieszkania) VALUES(30, 'Polska', 'Kraków', '31-015', 'Pijarska', '82', 56);
INSERT INTO Adresy (ID_adresu, kraj, miasto, kod_pocztowy, ulica, nr_domu, nr_mieszkania) VALUES(31, 'Polska', 'Warszawa', '03-035', 'Cudne Manowce', '10', NULL);
INSERT INTO Adresy (ID_adresu, kraj, miasto, kod_pocztowy, ulica, nr_domu, nr_mieszkania) VALUES(32, 'Polska', 'Kielce', '25-724', 'Maślana', '17', 34);
INSERT INTO Adresy (ID_adresu, kraj, miasto, kod_pocztowy, ulica, nr_domu, nr_mieszkania) VALUES(33, 'Polska', 'Warszawa', '00-671', 'Koszykowa', '13', 3);
INSERT INTO Adresy (ID_adresu, kraj, miasto, kod_pocztowy, ulica, nr_domu, nr_mieszkania) VALUES(34, 'Polska', 'Łódź', '92-017', 'Lawinowa', '86', 26);
INSERT INTO Adresy (ID_adresu, kraj, miasto, kod_pocztowy, ulica, nr_domu, nr_mieszkania) VALUES(35, 'Polska', 'Poznań', '61-413', 'Kołłątaja Hugona', '44', 12);
INSERT INTO Adresy (ID_adresu, kraj, miasto, kod_pocztowy, ulica, nr_domu, nr_mieszkania) VALUES(36, 'Polska', 'Szczecin', '70-740', 'Dolna', '46', NULL);
INSERT INTO Adresy (ID_adresu, kraj, miasto, kod_pocztowy, ulica, nr_domu, nr_mieszkania) VALUES(37, 'Polska', 'Kraków', '31-581', 'Gałczyńskiego Konstantego Ildefonsa', '22', NULL);
INSERT INTO Adresy (ID_adresu, kraj, miasto, kod_pocztowy, ulica, nr_domu, nr_mieszkania) VALUES(38, 'Polska', 'Warszawa', '01-993', 'Ostaszewska', '138', 58);
INSERT INTO Adresy (ID_adresu, kraj, miasto, kod_pocztowy, ulica, nr_domu, nr_mieszkania) VALUES(39, 'Polska', 'Poznań', '61-680', 'Anyżowa', '36', NULL);
INSERT INTO Adresy (ID_adresu, kraj, miasto, kod_pocztowy, ulica, nr_domu, nr_mieszkania) VALUES(40, 'Polska', 'Wrocław', '51-216', 'Księżycowa', '31', 11);
INSERT INTO Adresy (ID_adresu, kraj, miasto, kod_pocztowy, ulica, nr_domu, nr_mieszkania) VALUES(41, 'Polska', 'Warszawa', '04-414', 'Generała Chruściela Antoniego', '19', 99);
INSERT INTO Adresy (ID_adresu, kraj, miasto, kod_pocztowy, ulica, nr_domu, nr_mieszkania) VALUES(42, 'Polska', 'Rybnik', '44-201', 'Pocztowa', '144', NULL);
INSERT INTO Adresy (ID_adresu, kraj, miasto, kod_pocztowy, ulica, nr_domu, nr_mieszkania) VALUES(43, 'Polska', 'Sopot', '81-818', 'Chodowieckiego Daniela', '53', 12);
INSERT INTO Adresy (ID_adresu, kraj, miasto, kod_pocztowy, ulica, nr_domu, nr_mieszkania) VALUES(44, 'Polska', 'Szczecin', '71-014', 'Cisowa', '139', 42);
INSERT INTO Adresy (ID_adresu, kraj, miasto, kod_pocztowy, ulica, nr_domu, nr_mieszkania) VALUES(45, 'Polska', 'Poznań', '60-666', 'Niestachowska', '41', NULL);
#---Dostawcy------------------------------------------------------------------------------------------------------
INSERT INTO Dostawcy (ID_dostawcy, nazwa, ID_adresu, telefon, email) VALUES(1, 'Eden Springs Sp. z o.o.', 3, '732121245', 'edensparlings@gmail.com');
INSERT INTO Dostawcy (ID_dostawcy, nazwa, ID_adresu, telefon, email) VALUES(2, 'Ecovend Sp. z o.o.', 2, '507385703', 'ecovend@duty.com');
INSERT INTO Dostawcy (ID_dostawcy, nazwa, ID_adresu, telefon, email) VALUES(3, 'Kuna System sp. z o. o.', 1, '211356199', 'knsys@gmail.com');
INSERT INTO Dostawcy (ID_dostawcy, nazwa, ID_adresu, telefon, email) VALUES(4, 'GBS Transport&Logistics ', 16, '508568127', 'gbstl@urnis.com');
INSERT INTO Dostawcy (ID_dostawcy, nazwa, ID_adresu, telefon, email) VALUES(5, 'Gid-pol sp. z o.o.', 37, '511110595', 'gidpol@irnet.com');
INSERT INTO Dostawcy (ID_dostawcy, nazwa, ID_adresu, telefon, email) VALUES(6, 'Pasta Transport&Spedition', 9, '+39336778037', 'pastabin@urg.com');
INSERT INTO Dostawcy (ID_dostawcy, nazwa, ID_adresu, telefon, email) VALUES(7, 'Magnus Transport&Spedition', 12, '515776149', 'magnustrans@gmail.com');
INSERT INTO Dostawcy (ID_dostawcy, nazwa, ID_adresu, telefon, email) VALUES(8, 'T-CPTM sp. z.o.o.', 4, '211312599', 'tcptmspzoo@pop.net');
INSERT INTO Dostawcy (ID_dostawcy, nazwa, ID_adresu, telefon, email) VALUES(9, 'Żabka Polska sp. z.o.o.', 13, '697332137', 'żabkapolska@wp.pl');
INSERT INTO Dostawcy (ID_dostawcy, nazwa, ID_adresu, telefon, email) VALUES(10, 'Orlen sp. z.o.o', 15, '881191532', 'orlenpaliwo@yahoo.com');
INSERT INTO Dostawcy (ID_dostawcy, nazwa, ID_adresu, telefon, email) VALUES(11, 'Dibek Splendour', 8, '16087653140', 'dbspl@dth.com');
INSERT INTO Dostawcy (ID_dostawcy, nazwa, ID_adresu, telefon, email) VALUES(12, 'Dibekaro sp. z.o.o.', 23, '506432162', 'dibekaro@rolbt.net');
INSERT INTO Dostawcy (ID_dostawcy, nazwa, ID_adresu, telefon, email) VALUES(13, 'Alterios Transport ', 36, '516864274', 'alteron@kiks.com');
INSERT INTO Dostawcy (ID_dostawcy, nazwa, ID_adresu, telefon, email) VALUES(14, 'Marianito sp. z.o.o.', 28, '211323774', 'mariantrans@ink.com');
INSERT INTO Dostawcy (ID_dostawcy, nazwa, ID_adresu, telefon, email) VALUES(15, 'Aleshen Transport&Logistics', 31, '693757039', 'aleshentl@gmail.com');
#---Pracownicy-----------------------------------------------------------------------------------------------------
INSERT INTO Pracownicy (ID_pracownika, nazwisko, imie, stanowisko, telefon, wyplata, nr_rachunku, ID_adresu) VALUES(1, 'Wojciechowska', 'Adrianna', 'Ekspedient', '698378023', 3820.20, '89150012010776133858583578', 5);
INSERT INTO Pracownicy (ID_pracownika, nazwisko, imie, stanowisko, telefon, wyplata, nr_rachunku, ID_adresu) VALUES(2, 'Pawlak', 'Teodozja', 'Ekspedient', '886751553', 3820.20, '52103011043154419542275362', 6);
INSERT INTO Pracownicy (ID_pracownika, nazwisko, imie, stanowisko, telefon, wyplata, nr_rachunku, ID_adresu) VALUES(3, 'Starus', 'Julia', 'Prezes', '884484156', 15112.80, '07905500032292373253491822', 7);
INSERT INTO Pracownicy (ID_pracownika, nazwisko, imie, stanowisko, telefon, wyplata, nr_rachunku, ID_adresu) VALUES(4, 'Skrzypek', 'Kacper', 'Kierownik', '538909132', 7200.10, '16124054559080154150909737', 10);
INSERT INTO Pracownicy (ID_pracownika, nazwisko, imie, stanowisko, telefon, wyplata, nr_rachunku, ID_adresu) VALUES(5, 'Rudnicki', 'Dawid', 'Kierownik', '512609059', 7200.10, '21878100063147871638791188', 11);
INSERT INTO Pracownicy (ID_pracownika, nazwisko, imie, stanowisko, telefon, wyplata, nr_rachunku, ID_adresu) VALUES(6, 'Spychalski', 'Dawid', 'Kierownik', '513636389', 7200.10, '65864211713064769532455747', 14);
INSERT INTO Pracownicy (ID_pracownika, nazwisko, imie, stanowisko, telefon, wyplata, nr_rachunku, ID_adresu) VALUES(7, 'Pawłowski', 'Jurek', 'Ochroniarz', '601334040', 3310.67, '09914511097522132209692594', 17);
INSERT INTO Pracownicy (ID_pracownika, nazwisko, imie, stanowisko, telefon, wyplata, nr_rachunku, ID_adresu) VALUES(8, 'Rutkowski', 'Cyryl', 'Pomocnik', '609044846', 2798.95, '44890710342946683467832019', 18);
INSERT INTO Pracownicy (ID_pracownika, nazwisko, imie, stanowisko, telefon, wyplata, nr_rachunku, ID_adresu) VALUES(9, 'Kowalski', 'Tobiasz', 'Pomocnik', '698698420', 2798.95, '46839500016332609650238365', 19);
INSERT INTO Pracownicy (ID_pracownika, nazwisko, imie, stanowisko, telefon, wyplata, nr_rachunku, ID_adresu) VALUES(10, 'Piotrowska', 'Natasza', 'Ekspedient', '798350760', 3820.20, '94175012537729797101164794', 20);
INSERT INTO Pracownicy (ID_pracownika, nazwisko, imie, stanowisko, telefon, wyplata, nr_rachunku, ID_adresu) VALUES(11, 'Czarnecka', 'Leokadia', 'Ekspedient', '515232110', 3820.20, '09160011437351828383980899', 21);
INSERT INTO Pracownicy (ID_pracownika, nazwisko, imie, stanowisko, telefon, wyplata, nr_rachunku, ID_adresu) VALUES(12, 'Woźniak', 'Zosia', 'Ochroniarz', '678756488', 3310.67, '59891300051417729621507027', 22);
INSERT INTO Pracownicy (ID_pracownika, nazwisko, imie, stanowisko, telefon, wyplata, nr_rachunku, ID_adresu) VALUES(13, 'Kowalski', 'Mieczysław', 'Ochroniarz', '665452297', 3310.67, '90940700002048231075794045', 24);
INSERT INTO Pracownicy (ID_pracownika, nazwisko, imie, stanowisko, telefon, wyplata, nr_rachunku, ID_adresu) VALUES(14, 'Jabłońska', 'Alicja', 'Pracownik usług czystościowych', '883278723', 1744.00, '87167010433098464358718861', 25);
INSERT INTO Pracownicy (ID_pracownika, nazwisko, imie, stanowisko, telefon, wyplata, nr_rachunku, ID_adresu) VALUES(15, 'Borkowski', 'Wojtek', 'Ochroniarz', '796083754', 3310.67, '58160012862366574856964260', 26);
#---Klienci------------------------------------------------------------------------------------------------------
INSERT INTO Klienci (ID_klienta, nazwisko, imie, telefon, nr_rachunku, ID_adresu) VALUES(1, 'Zając', 'Apolonia', '456456337', '82109012874071069097303703', 27);
INSERT INTO Klienci (ID_klienta, nazwisko, imie, telefon, nr_rachunku, ID_adresu) VALUES(2, 'Kucharska', 'Judyta', '458945332', '31858900065409950049709894', 29);
INSERT INTO Klienci (ID_klienta, nazwisko, imie, telefon, nr_rachunku, ID_adresu) VALUES(3, 'Król', 'Jurek', '456835781', '45958210235520980923411914', 30);
INSERT INTO Klienci (ID_klienta, nazwisko, imie, telefon, nr_rachunku, ID_adresu) VALUES(4, 'Kucharski', 'Arkadiusz', '538923600', '86150014452224420595854772', 32);
INSERT INTO Klienci (ID_klienta, nazwisko, imie, telefon, nr_rachunku, ID_adresu) VALUES(5, 'Michalska', 'Augustyna', '455351990', '82821210190256675510216458', 33);
INSERT INTO Klienci (ID_klienta, nazwisko, imie, telefon, nr_rachunku, ID_adresu) VALUES(6, 'Szczepański', 'Kuba', '211344053', '96844610169856708758537253', 34);
INSERT INTO Klienci (ID_klienta, nazwisko, imie, telefon, nr_rachunku, ID_adresu) VALUES(7, 'Borkowska', 'Dorota', '511826011', '32132016417911780636186458', 35);
INSERT INTO Klienci (ID_klienta, nazwisko, imie, telefon, nr_rachunku, ID_adresu) VALUES(8, 'Wiśniewska', 'Konstancja', '575407008', '44216000030355291135611345', 38);
INSERT INTO Klienci (ID_klienta, nazwisko, imie, telefon, nr_rachunku, ID_adresu) VALUES(9, 'Jabłoński', 'Jacek', '455470604', '93175014133698184175066632', 39);
INSERT INTO Klienci (ID_klienta, nazwisko, imie, telefon, nr_rachunku, ID_adresu) VALUES(10, 'Nowak', 'Gertruda', '451335629', '54889700041138711995910026', 40);
INSERT INTO Klienci (ID_klienta, nazwisko, imie, telefon, nr_rachunku, ID_adresu) VALUES(11, 'Kaczmarek', 'Michalina', '211317081', '51150014320688597814412409', 41);
INSERT INTO Klienci (ID_klienta, nazwisko, imie, telefon, nr_rachunku, ID_adresu) VALUES(12, 'Woźniak', 'Bartosz', '456001320', '57822500092723108386135175', 42);
INSERT INTO Klienci (ID_klienta, nazwisko, imie, telefon, nr_rachunku, ID_adresu) VALUES(13, 'Kamiński', 'Lucjusz', '666155437', '57822500092723108386135175', 43);
INSERT INTO Klienci (ID_klienta, nazwisko, imie, telefon, nr_rachunku, ID_adresu) VALUES(14, 'Chmielewska', 'Asia', '534632578', '87109015771312889238379771', 44);
INSERT INTO Klienci (ID_klienta, nazwisko, imie, telefon, nr_rachunku, ID_adresu) VALUES(15, 'Dudek', 'Fryderyk', '458621929', '50124019074659717480388959', 45);
INSERT INTO Klienci (ID_klienta, nazwisko, imie, telefon, nr_rachunku, ID_adresu) VALUES(16, 'Giuseppe', 'Russo', '02 12345678', '5610301218 647985885701345', 9);
#---Paliwa------------------------------------------------------------------------------------------------------
INSERT INTO Paliwa (ID_paliwa, nazwa, cena_litr, rodzaj, opis, vat) VALUES(1, 'E5', 5.02, 'Benzyna', 'Maksymalna zawartości biokomponentów do 5%.', 8);
INSERT INTO Paliwa (ID_paliwa, nazwa, cena_litr, rodzaj, opis, vat) VALUES(2, 'E10', 5.09, 'Benzyna', 'Maksymalna zawartości biokomponentów do 10%.', 8);
INSERT INTO Paliwa (ID_paliwa, nazwa, cena_litr, rodzaj, opis, vat) VALUES(3, 'E85', 5.19, 'Benzyna', 'Przeznaczone jest do silników flexifuel.', 8);
INSERT INTO Paliwa (ID_paliwa, nazwa, cena_litr, rodzaj, opis, vat) VALUES(4, 'B7', 4.92, 'Diesel', 'B7 to olej napędowy o zawartości do 7% biokomponentów.', 8);
INSERT INTO Paliwa (ID_paliwa, nazwa, cena_litr, rodzaj, opis, vat) VALUES(5, 'B10', 4.94, 'Diesel', 'B10 to olej napędowy o zawartości do 10% biokomponentów.', 8);
INSERT INTO Paliwa (ID_paliwa, nazwa, cena_litr, rodzaj, opis, vat) VALUES(6, 'XTL', 4.98, 'Diesel', 'XTL to oznaczenie oleju napędowego, który powstał bez użycia ropy naftowej.', 8);
INSERT INTO Paliwa (ID_paliwa, nazwa, cena_litr, rodzaj, opis, vat) VALUES(7, 'H2', 8.00, 'Wodór', 'Wodór', 8);
INSERT INTO Paliwa (ID_paliwa, nazwa, cena_litr, rodzaj, opis, vat) VALUES(8, 'CNG', 2.40, 'Gaz', 'Sprężony gaz ziemny', 8);
INSERT INTO Paliwa (ID_paliwa, nazwa, cena_litr, rodzaj, opis, vat) VALUES(9, 'LNG', 2.38, 'Gaz', 'Skroplony gaz ziemny.', 8);
INSERT INTO Paliwa (ID_paliwa, nazwa, cena_litr, rodzaj, opis, vat) VALUES(10, 'LPG', 2.19, 'Gaz', 'Gaz płynny', 8);
INSERT INTO Paliwa (ID_paliwa, nazwa, cena_litr, rodzaj, opis, vat) VALUES(11, 'EE', 0.99, 'Elektryczne', '0.99zł za 1kWh ', 15);
INSERT INTO Paliwa (ID_paliwa, nazwa, cena_litr, rodzaj, opis, vat) VALUES(12, 'GBS Power', 6.00, 'Diesel', 'Najlepszy olej napędowy na świecie produkcji GB Station.', 8);
INSERT INTO Paliwa (ID_paliwa, nazwa, cena_litr, rodzaj, opis, vat) VALUES(13, 'GBS PLUS', 6.25, 'Benzyna', 'Takiego paliwa jeszcze nie było! +10km na każdym litrze paliwa!.', 8);
INSERT INTO Paliwa (ID_paliwa, nazwa, cena_litr, rodzaj, opis, vat) VALUES(14, 'GBS', 6.05, 'Benzyna', 'Pochodna paliwa GBS PLUS, przeznaczona dla samochodów z rocznika 2019+.', 8);
INSERT INTO Paliwa (ID_paliwa, nazwa, cena_litr, rodzaj, opis, vat) VALUES(15, 'AdBlue', 4.35, 'Płyn', 'Stosowany w celu oczyszczania spalin w silnikach diesla wykorzystujących SCR.', 8);
#---Towary------------------------------------------------------------------------------------------------------
INSERT INTO Towary (ID_towaru, nazwa, cena, rodzaj, kod, opis, vat) VALUES(1, 'Płyn do spryskiwaczy zimowy 5L', 29.99, 'Akcesoria samochodowe', '#0001', 'Idealny na zime płyn do spryskiwaczy wytrzymujący temperatury nawet do -30 stopni celsujsza.', 17);
INSERT INTO Towary (ID_towaru, nazwa, cena, rodzaj, kod, opis, vat) VALUES(2, 'Płyn do spryskiwaczy letni 5L', 24.99, 'Akcesoria samochodowe', '#0002', 'Idealny na lato płyn do spryskiwaczy o zapachu pomarańczy.', 17);
INSERT INTO Towary (ID_towaru, nazwa, cena, rodzaj, kod, opis, vat) VALUES(3, 'Olej samochodowy 0/40 1L', 35.99, 'Akcesoria samochodowe', '#0003', 'Olej samochodowy półsynetyczny 0/40 idealny dla diesli.', 23);
INSERT INTO Towary (ID_towaru, nazwa, cena, rodzaj, kod, opis, vat) VALUES(4, 'Olej samochodowy 10/40 1L', 35.99, 'Akcesoria samochodowe', '#0004', 'Olej samochodowy 10/40 idealne dla diesli.', 23);
INSERT INTO Towary (ID_towaru, nazwa, cena, rodzaj, kod, opis, vat) VALUES(5, 'Kawa czarna 0.5L', 7.99, 'Jedzenie', '#1001', NULL, 8);
INSERT INTO Towary (ID_towaru, nazwa, cena, rodzaj, kod, opis, vat) VALUES(6, 'Kawa czarna 0.3L', 5.99, 'Jedzenie', '#1002', NULL, 8);
INSERT INTO Towary (ID_towaru, nazwa, cena, rodzaj, kod, opis, vat) VALUES(7, 'Kawa z mlekiem 0.5L', 7.99, 'Jedzenie', '#1003', NULL, 8);
INSERT INTO Towary (ID_towaru, nazwa, cena, rodzaj, kod, opis, vat) VALUES(8, 'Kawa z mlekiem 0.3L', 5.99, 'Jedzenie', '#1004', NULL, 8);
INSERT INTO Towary (ID_towaru, nazwa, cena, rodzaj, kod, opis, vat) VALUES(9, 'Hotdog z parówką ', 8.99, 'Jedzenie', '#1005', NULL, 16);
INSERT INTO Towary (ID_towaru, nazwa, cena, rodzaj, kod, opis, vat) VALUES(10, 'Hotdog z kaszanką', 8.99, 'Jedzenie', '#1006', NULL, 16);
INSERT INTO Towary (ID_towaru, nazwa, cena, rodzaj, kod, opis, vat) VALUES(11, 'Choinka zapachowa', 3.99, 'Akcesoria samochodowe', '#0005', 'Idealny zapach do każdego samochodu, do wyboru:pomarańcza, agrest, winogron, wiśnia', 2);
INSERT INTO Towary (ID_towaru, nazwa, cena, rodzaj, kod, opis, vat) VALUES(12, 'Papierosy', 17.99, 'Pozostałe', '#1101', 'Do wyboru: LM Red, LM Blue, Malboro Gold, Malboro Red, LC RED, LC Blue, Rotmmans Red, Rottmans Blue', 35);
INSERT INTO Towary (ID_towaru, nazwa, cena, rodzaj, kod, opis, vat) VALUES(13, 'Pepsi 0.5L', 6.99, 'Jedzenie', '#1007', NULL, 27);
INSERT INTO Towary (ID_towaru, nazwa, cena, rodzaj, kod, opis, vat) VALUES(14, 'Pepsi 0.3L', 4.99, 'Jedzenie', '#1008', NULL, 27);
INSERT INTO Towary (ID_towaru, nazwa, cena, rodzaj, kod, opis, vat) VALUES(15, 'Coca Cola 0.5L', 6.99, 'Jedzenie', '#1009', NULL, 27);
INSERT INTO Towary (ID_towaru, nazwa, cena, rodzaj, kod, opis, vat) VALUES(16, 'Coca Cola 0.3L', 4.99, 'Jedzenie', '#1010', NULL, 27);
INSERT INTO Towary (ID_towaru, nazwa, cena, rodzaj, kod, opis, vat) VALUES(17, 'Gumy Orbit ', 2.99, 'Jedzenie', '#1011', 'Opakowanie gum orbit 30 sztuk, smaki do wyboru: mięta, guma balonowa, cytryna, malina, jabłko', 12);
INSERT INTO Towary (ID_towaru, nazwa, cena, rodzaj, kod, opis, vat) VALUES(18, 'Wycieraczki Samochodowe Bosch', 49.99, 'Akcesoria samochodowe', '#0006', NULL, 23);
INSERT INTO Towary (ID_towaru, nazwa, cena, rodzaj, kod, opis, vat) VALUES(19, 'Wycieraczki Samochodowe DUNLOP', 28.99, 'Akcesoria samochodowe', '#0007', NULL, 23);
INSERT INTO Towary (ID_towaru, nazwa, cena, rodzaj, kod, opis, vat) VALUES(20, 'Batonik Mars', 3.49, 'Jedzenie', '#1012', NULL, 19);
INSERT INTO Towary (ID_towaru, nazwa, cena, rodzaj, kod, opis, vat) VALUES(21, 'Batonik Snickers', 3.39, 'Jedzenie', '#1013', NULL, 19);
INSERT INTO Towary (ID_towaru, nazwa, cena, rodzaj, kod, opis, vat) VALUES(22, 'Batonik Bounty', 2.99, 'Jedzenie', '#1014', NULL, 19);
INSERT INTO Towary (ID_towaru, nazwa, cena, rodzaj, kod, opis, vat) VALUES(23, 'Wódka Soplica 0.5L', 24.99, 'Alkohole', '#1102', NULL, 30);
INSERT INTO Towary (ID_towaru, nazwa, cena, rodzaj, kod, opis, vat) VALUES(24, 'Wódka Stumbras 1L', 54.99, 'Alkohole', '#1103', NULL, 30);
INSERT INTO Towary (ID_towaru, nazwa, cena, rodzaj, kod, opis, vat) VALUES(25, 'Wódka Stumbras 0.5L', 33.99, 'Alkohole', '#1104', NULL, 30);
#---Uslugi------------------------------------------------------------------------------------------------------
INSERT INTO Uslugi (ID_uslugi, nazwa, cena, opis, vat) VALUES(1, 'Myjnia samochodowa bezdotykowa', 39.99, 'W skład usługi wchodzi dokładne mycie samochodu, suszenie, nabłyszczanie oraz polerka.', 23);
INSERT INTO Uslugi (ID_uslugi, nazwa, cena, opis, vat) VALUES(2, 'Myjnia samochodowa ręczna', 5.00, 'Opłata za mycie samochodu aktywną pianą i spłukiwanie.', 23);
INSERT INTO Uslugi (ID_uslugi, nazwa, cena, opis, vat) VALUES(3, 'Kompresor', 1.99, 'Pompowanie opon za pomocą kompresora.', 3);
INSERT INTO Uslugi (ID_uslugi, nazwa, cena, opis, vat) VALUES(4, 'Odkurzacz samochodowy', 4.99, 'Odkurzacz do samochodu 2000W, a opłata jest wnoszona za 3 minuty użytkowania.', 3);
INSERT INTO Uslugi (ID_uslugi, nazwa, cena, opis, vat) VALUES(5, 'Odkurzacz parowy', 10.00, 'Odkurzacz parowy do tapicerki, opłata wnoszona jest za 3 minuty użytkowania.', 3);
INSERT INTO Uslugi (ID_uslugi, nazwa, cena, opis, vat) VALUES(6, 'Toaleta', 2.00, 'Toaleta publiczna osobna dla Pań i Panów oraz dla niepełnosprawnych i mamy z dzieckiem.', 8);
INSERT INTO Uslugi (ID_uslugi, nazwa, cena, opis, vat) VALUES(7, 'Mycie szyb', 9.98, 'Ręczne mycie szyb przez pracownika specjalistycznymi środkami czystości.', 3);
INSERT INTO Uslugi (ID_uslugi, nazwa, cena, opis, vat) VALUES(8, 'Wi-Fi', 0.00, 'Darmowe Wi-Fi, możliwość połączenia się kodem na paragonie.', 0);
INSERT INTO Uslugi (ID_uslugi, nazwa, cena, opis, vat) VALUES(9, 'Bankomat', 1.00, 'Opłata pobierana przy wypłacie pieniędzy.', 23);
INSERT INTO Uslugi (ID_uslugi, nazwa, cena, opis, vat) VALUES(10, 'Naprawa opon', 99.99, 'Usługa oferuje naprawę dziurawej opony przez pomocnika.', 23);
INSERT INTO Uslugi (ID_uslugi, nazwa, cena, opis, vat) VALUES(11, 'Wymiana żarówki', 19.99, 'Usługa oferuje wymianę żarówki przez pomocnika.', 23);
INSERT INTO Uslugi (ID_uslugi, nazwa, cena, opis, vat) VALUES(12, 'Parking płatny', 3.00, 'Opłata za postój samochodu osobowego na wyznaczonym terenie stacji.', 23);
INSERT INTO Uslugi (ID_uslugi, nazwa, cena, opis, vat) VALUES(13, 'Pompowanie opon', 3.00, 'Pompowanie opon przez pracownika stacji (pomocnik).', 8);
INSERT INTO Uslugi (ID_uslugi, nazwa, cena, opis, vat) VALUES(14, 'Parking TIR', 20.00, 'Parking dla samochodów ciężarowych. Cena za 12h.', 23);
INSERT INTO Uslugi (ID_uslugi, nazwa, cena, opis, vat) VALUES(15, 'Express z ciepła wodą', 0.29, 'Ciepła woda w termicznym kubeczku 250ml.', 0);
#---Zlecenia------------------------------------------------------------------------------------------------------
INSERT INTO Zlecenia (ID_zlecenia, data_zlecenia) VALUES(1, '2022-01-28');
INSERT INTO Zlecenia (ID_zlecenia, data_zlecenia) VALUES(2, '2021-12-08');
INSERT INTO Zlecenia (ID_zlecenia, data_zlecenia) VALUES(3, '2021-11-27');
INSERT INTO Zlecenia (ID_zlecenia, data_zlecenia) VALUES(4, '2021-11-27');
INSERT INTO Zlecenia (ID_zlecenia, data_zlecenia) VALUES(5, '2022-01-02');
INSERT INTO Zlecenia (ID_zlecenia, data_zlecenia) VALUES(6, '2021-12-31');
INSERT INTO Zlecenia (ID_zlecenia, data_zlecenia) VALUES(7, '2022-01-06');
INSERT INTO Zlecenia (ID_zlecenia, data_zlecenia) VALUES(8, '2021-09-26');
INSERT INTO Zlecenia (ID_zlecenia, data_zlecenia) VALUES(9, '2021-11-13');
INSERT INTO Zlecenia (ID_zlecenia, data_zlecenia) VALUES(10, '2021-10-31');
INSERT INTO Zlecenia (ID_zlecenia, data_zlecenia) VALUES(11, '2021-12-01');
INSERT INTO Zlecenia (ID_zlecenia, data_zlecenia) VALUES(12, '2021-08-24');
INSERT INTO Zlecenia (ID_zlecenia, data_zlecenia) VALUES(13, '2022-01-18');
INSERT INTO Zlecenia (ID_zlecenia, data_zlecenia) VALUES(14, '2022-01-08');
INSERT INTO Zlecenia (ID_zlecenia, data_zlecenia) VALUES(15, '2021-12-15');
INSERT INTO Zlecenia (ID_zlecenia, data_zlecenia) VALUES(16, '2021-11-24');
INSERT INTO Zlecenia (ID_zlecenia, data_zlecenia) VALUES(17, '2021-11-24');
INSERT INTO Zlecenia (ID_zlecenia, data_zlecenia) VALUES(18, '2021-10-13');
INSERT INTO Zlecenia (ID_zlecenia, data_zlecenia) VALUES(19, '2021-05-19');
INSERT INTO Zlecenia (ID_zlecenia, data_zlecenia) VALUES(20, '2021-10-09');
INSERT INTO Zlecenia (ID_zlecenia, data_zlecenia) VALUES(21, '2021-11-10');
INSERT INTO Zlecenia (ID_zlecenia, data_zlecenia) VALUES(22, '2022-01-28');
INSERT INTO Zlecenia (ID_zlecenia, data_zlecenia) VALUES(23, '2022-01-27');
INSERT INTO Zlecenia (ID_zlecenia, data_zlecenia) VALUES(24, '2022-01-27');
INSERT INTO Zlecenia (ID_zlecenia, data_zlecenia) VALUES(25, '2022-01-28');
INSERT INTO Zlecenia (ID_zlecenia, data_zlecenia) VALUES(26, '2022-01-08');
INSERT INTO Zlecenia (ID_zlecenia, data_zlecenia) VALUES(27, '2022-01-23');
INSERT INTO Zlecenia (ID_zlecenia, data_zlecenia) VALUES(28, '2021-09-28');
INSERT INTO Zlecenia (ID_zlecenia, data_zlecenia) VALUES(29, '2022-01-26');
INSERT INTO Zlecenia (ID_zlecenia, data_zlecenia) VALUES(30, '2022-01-26');
#---Dostawy------------------------------------------------------------------------------------------------------
INSERT INTO Dostawy (ID_dostawy, ID_dostawcy, rejestracja_samochodu, data_dostawy, ID_pracownika) VALUES(1, 1, 'WPL 971RK', '2021-07-15', 4);
INSERT INTO Dostawy (ID_dostawy, ID_dostawcy, rejestracja_samochodu, data_dostawy, ID_pracownika) VALUES(2, 2, 'PO 682PF', '2021-08-02', 4);
INSERT INTO Dostawy (ID_dostawy, ID_dostawcy, rejestracja_samochodu, data_dostawy, ID_pracownika) VALUES(3, 3, 'EL 998YC', '2021-07-23', 4);
INSERT INTO Dostawy (ID_dostawy, ID_dostawcy, rejestracja_samochodu, data_dostawy, ID_pracownika) VALUES(4, 4, 'EOP 9676P', '2021-09-20', 4);
INSERT INTO Dostawy (ID_dostawy, ID_dostawcy, rejestracja_samochodu, data_dostawy, ID_pracownika) VALUES(5, 5, 'KR 840KK', '2021-10-08', 4);
INSERT INTO Dostawy (ID_dostawy, ID_dostawcy, rejestracja_samochodu, data_dostawy, ID_pracownika) VALUES(6, 6, 'DM 9728M', '2021-11-23', 5);
INSERT INTO Dostawy (ID_dostawy, ID_dostawcy, rejestracja_samochodu, data_dostawy, ID_pracownika) VALUES(7, 7, 'PO 2T275', '2021-10-01', 5);
INSERT INTO Dostawy (ID_dostawy, ID_dostawcy, rejestracja_samochodu, data_dostawy, ID_pracownika) VALUES(8, 8, 'WE 732AJ', '2021-09-08', 5);
INSERT INTO Dostawy (ID_dostawy, ID_dostawcy, rejestracja_samochodu, data_dostawy, ID_pracownika) VALUES(9, 9, 'TKI 66697', '2021-07-31', 5);
INSERT INTO Dostawy (ID_dostawy, ID_dostawcy, rejestracja_samochodu, data_dostawy, ID_pracownika) VALUES(10, 10, 'ERA 55700', '2021-11-21', 5);
INSERT INTO Dostawy (ID_dostawy, ID_dostawcy, rejestracja_samochodu, data_dostawy, ID_pracownika) VALUES(11, 11, 'SOK 834XF', '2021-08-01', 6);
INSERT INTO Dostawy (ID_dostawy, ID_dostawcy, rejestracja_samochodu, data_dostawy, ID_pracownika) VALUES(12, 12, 'WB 092CL', '2021-09-01', 6);
INSERT INTO Dostawy (ID_dostawy, ID_dostawcy, rejestracja_samochodu, data_dostawy, ID_pracownika) VALUES(13, 13, 'ZS 07002', '2021-10-01', 6);
INSERT INTO Dostawy (ID_dostawy, ID_dostawcy, rejestracja_samochodu, data_dostawy, ID_pracownika) VALUES(14, 14, 'GD 536JJ', '2021-11-04', 6);
INSERT INTO Dostawy (ID_dostawy, ID_dostawcy, rejestracja_samochodu, data_dostawy, ID_pracownika) VALUES(15, 15, 'WE 73487', '2021-10-29', 6);
#---Faktury------------------------------------------------------------------------------------------------------
INSERT INTO Faktury (nr_faktury, data_wystawienia, ID_zlecenia, ID_klienta, ID_pracownika) VALUES(1, '2022-01-13', 1, 6, 12);
INSERT INTO Faktury (nr_faktury, data_wystawienia, ID_zlecenia, ID_klienta, ID_pracownika) VALUES(2, '2021-12-21', 2, 7, 14);
INSERT INTO Faktury (nr_faktury, data_wystawienia, ID_zlecenia, ID_klienta, ID_pracownika) VALUES(3, '2021-11-17', 3, 15, 5);
INSERT INTO Faktury (nr_faktury, data_wystawienia, ID_zlecenia, ID_klienta, ID_pracownika) VALUES(4, '2021-10-09', 4, 4, 6);
INSERT INTO Faktury (nr_faktury, data_wystawienia, ID_zlecenia, ID_klienta, ID_pracownika) VALUES(5, '2021-09-15', 5, 10, 4);
INSERT INTO Faktury (nr_faktury, data_wystawienia, ID_zlecenia, ID_klienta, ID_pracownika) VALUES(6, '2022-01-01', 6, 12, 14);
INSERT INTO Faktury (nr_faktury, data_wystawienia, ID_zlecenia, ID_klienta, ID_pracownika) VALUES(7, '2021-11-11', 7, 8, 2);
INSERT INTO Faktury (nr_faktury, data_wystawienia, ID_zlecenia, ID_klienta, ID_pracownika) VALUES(8, '2021-08-16', 8, 11, 9);
INSERT INTO Faktury (nr_faktury, data_wystawienia, ID_zlecenia, ID_klienta, ID_pracownika) VALUES(9, '2021-11-23', 9, 13, 5);
INSERT INTO Faktury (nr_faktury, data_wystawienia, ID_zlecenia, ID_klienta, ID_pracownika) VALUES(10, '2021-09-22', 10, 1, 4);
INSERT INTO Faktury (nr_faktury, data_wystawienia, ID_zlecenia, ID_klienta, ID_pracownika) VALUES(11, '2021-09-24', 11, 3, 15);
INSERT INTO Faktury (nr_faktury, data_wystawienia, ID_zlecenia, ID_klienta, ID_pracownika) VALUES(12, '2021-09-30', 12, 10, 6);
INSERT INTO Faktury (nr_faktury, data_wystawienia, ID_zlecenia, ID_klienta, ID_pracownika) VALUES(13, '2021-09-15', 13, 14, 7);
INSERT INTO Faktury (nr_faktury, data_wystawienia, ID_zlecenia, ID_klienta, ID_pracownika) VALUES(14, '2022-01-09', 29, 2, 1);
INSERT INTO Faktury (nr_faktury, data_wystawienia, ID_zlecenia, ID_klienta, ID_pracownika) VALUES(15, '2021-07-27', 30, 5, 11);
#---Paragony------------------------------------------------------------------------------------------------------
INSERT INTO Paragony (nr_paragonu, data_wystawienia, ID_zlecenia, ID_pracownika) VALUES(1, '2022-01-08', 14, 1);
INSERT INTO Paragony (nr_paragonu, data_wystawienia, ID_zlecenia, ID_pracownika) VALUES(2, '2021-12-15', 15, 1);
INSERT INTO Paragony (nr_paragonu, data_wystawienia, ID_zlecenia, ID_pracownika) VALUES(3, '2021-11-24', 16, 2);
INSERT INTO Paragony (nr_paragonu, data_wystawienia, ID_zlecenia, ID_pracownika) VALUES(4, '2021-11-24', 17, 2);
INSERT INTO Paragony (nr_paragonu, data_wystawienia, ID_zlecenia, ID_pracownika) VALUES(5, '2021-10-13', 18, 11);
INSERT INTO Paragony (nr_paragonu, data_wystawienia, ID_zlecenia, ID_pracownika) VALUES(6, '2021-05-19', 19, 11);
INSERT INTO Paragony (nr_paragonu, data_wystawienia, ID_zlecenia, ID_pracownika) VALUES(7, '2021-10-09', 20, 1);
INSERT INTO Paragony (nr_paragonu, data_wystawienia, ID_zlecenia, ID_pracownika) VALUES(8, '2021-11-10', 21, 10);
INSERT INTO Paragony (nr_paragonu, data_wystawienia, ID_zlecenia, ID_pracownika) VALUES(9, '2021-10-23', 22, 2);
INSERT INTO Paragony (nr_paragonu, data_wystawienia, ID_zlecenia, ID_pracownika) VALUES(10, '2021-12-01', 23, 1);
INSERT INTO Paragony (nr_paragonu, data_wystawienia, ID_zlecenia, ID_pracownika) VALUES(11, '2021-05-22', 24, 10);
INSERT INTO Paragony (nr_paragonu, data_wystawienia, ID_zlecenia, ID_pracownika) VALUES(12, '2021-07-26', 25, 10);
INSERT INTO Paragony (nr_paragonu, data_wystawienia, ID_zlecenia, ID_pracownika) VALUES(13, '2021-08-01', 26, 10);
INSERT INTO Paragony (nr_paragonu, data_wystawienia, ID_zlecenia, ID_pracownika) VALUES(14, '2022-01-23', 27, 2);
INSERT INTO Paragony (nr_paragonu, data_wystawienia, ID_zlecenia, ID_pracownika) VALUES(15, '2021-09-28', 28, 1);
#---ZleceniaPaliwa---------------------------------------------------------------------------------------------
INSERT INTO ZleceniaPaliwa (ID, ID_zlecenia, ID_paliwa, ilosc) VALUES(1, 1, 6, 220.40);
INSERT INTO ZleceniaPaliwa (ID, ID_zlecenia, ID_paliwa, ilosc) VALUES(2, 2, 2, 185.24);
INSERT INTO ZleceniaPaliwa (ID, ID_zlecenia, ID_paliwa, ilosc) VALUES(3, 3, 7, 424.25);
INSERT INTO ZleceniaPaliwa (ID, ID_zlecenia, ID_paliwa, ilosc) VALUES(4, 4, 15, 54.70);
INSERT INTO ZleceniaPaliwa (ID, ID_zlecenia, ID_paliwa, ilosc) VALUES(5, 5, 6, 271.28);
INSERT INTO ZleceniaPaliwa (ID, ID_zlecenia, ID_paliwa, ilosc) VALUES(6, 6, 2, 200.45);
INSERT INTO ZleceniaPaliwa (ID, ID_zlecenia, ID_paliwa, ilosc) VALUES(7, 7, 9, 185.98);
INSERT INTO ZleceniaPaliwa (ID, ID_zlecenia, ID_paliwa, ilosc) VALUES(8, 8, 3, 89.56);
INSERT INTO ZleceniaPaliwa (ID, ID_zlecenia, ID_paliwa, ilosc) VALUES(9, 9, 1, 123.45);
INSERT INTO ZleceniaPaliwa (ID, ID_zlecenia, ID_paliwa, ilosc) VALUES(10, 10, 12, 379.23);
INSERT INTO ZleceniaPaliwa (ID, ID_zlecenia, ID_paliwa, ilosc) VALUES(11, 11, 12, 152.25);
INSERT INTO ZleceniaPaliwa (ID, ID_zlecenia, ID_paliwa, ilosc) VALUES(12, 12, 14, 210.69);
INSERT INTO ZleceniaPaliwa (ID, ID_zlecenia, ID_paliwa, ilosc) VALUES(13, 13, 13, 198.33);
INSERT INTO ZleceniaPaliwa (ID, ID_zlecenia, ID_paliwa, ilosc) VALUES(14, 29, 14, 99.76);
INSERT INTO ZleceniaPaliwa (ID, ID_zlecenia, ID_paliwa, ilosc) VALUES(15, 30, 13, 112.32);
#---ZleceniaTowary----------------------------------------------------------------------------------------------
INSERT INTO ZleceniaTowary (ID, ID_zlecenia, ID_towaru, ilosc) VALUES(1, 14, 18, 4);
INSERT INTO ZleceniaTowary (ID, ID_zlecenia, ID_towaru, ilosc) VALUES(2, 14, 2, 4);
INSERT INTO ZleceniaTowary (ID, ID_zlecenia, ID_towaru, ilosc) VALUES(3, 15, 5, 2);
INSERT INTO ZleceniaTowary (ID, ID_zlecenia, ID_towaru, ilosc) VALUES(4, 16, 12, 3);
INSERT INTO ZleceniaTowary (ID, ID_zlecenia, ID_towaru, ilosc) VALUES(5, 17, 11, 4);
INSERT INTO ZleceniaTowary (ID, ID_zlecenia, ID_towaru, ilosc) VALUES(6, 18, 20, 2);
INSERT INTO ZleceniaTowary (ID, ID_zlecenia, ID_towaru, ilosc) VALUES(7, 18, 3, 1);
INSERT INTO ZleceniaTowary (ID, ID_zlecenia, ID_towaru, ilosc) VALUES(8, 19, 25, 1);
INSERT INTO ZleceniaTowary (ID, ID_zlecenia, ID_towaru, ilosc) VALUES(9, 19, 9, 2);
INSERT INTO ZleceniaTowary (ID, ID_zlecenia, ID_towaru, ilosc) VALUES(10, 20, 13, 1);
INSERT INTO ZleceniaTowary (ID, ID_zlecenia, ID_towaru, ilosc) VALUES(11, 21, 17, 2);
INSERT INTO ZleceniaTowary (ID, ID_zlecenia, ID_towaru, ilosc) VALUES(12, 21, 21, 2);
INSERT INTO ZleceniaTowary (ID, ID_zlecenia, ID_towaru, ilosc) VALUES(13, 22, 19, 1);
INSERT INTO ZleceniaTowary (ID, ID_zlecenia, ID_towaru, ilosc) VALUES(14, 22, 12, 2);
INSERT INTO ZleceniaTowary (ID, ID_zlecenia, ID_towaru, ilosc) VALUES(15, 23, 22, 1);
INSERT INTO ZleceniaTowary (ID, ID_zlecenia, ID_towaru, ilosc) VALUES(16, 23, 5, 1);
INSERT INTO ZleceniaTowary (ID, ID_zlecenia, ID_towaru, ilosc) VALUES(17, 24, 2, 2);
INSERT INTO ZleceniaTowary (ID, ID_zlecenia, ID_towaru, ilosc) VALUES(18, 25, 1, 3);
INSERT INTO ZleceniaTowary (ID, ID_zlecenia, ID_towaru, ilosc) VALUES(19, 25, 10, 1);
INSERT INTO ZleceniaTowary (ID, ID_zlecenia, ID_towaru, ilosc) VALUES(20, 26, 25, 2);
INSERT INTO ZleceniaTowary (ID, ID_zlecenia, ID_towaru, ilosc) VALUES(21, 29, 2, 1);
INSERT INTO ZleceniaTowary (ID, ID_zlecenia, ID_towaru, ilosc) VALUES(22, 30, 2, 1);
#---ZleceniaUslugi-------------------------------------------------------------------------------------------------
INSERT INTO ZleceniaUslugi (ID, ID_zlecenia, ID_uslugi, ilosc) VALUES(1, 14, 10, 1);
INSERT INTO ZleceniaUslugi (ID, ID_zlecenia, ID_uslugi, ilosc) VALUES(2, 27, 3, 1);
INSERT INTO ZleceniaUslugi (ID, ID_zlecenia, ID_uslugi, ilosc) VALUES(3, 28, 9, 1);
INSERT INTO ZleceniaUslugi (ID, ID_zlecenia, ID_uslugi, ilosc) VALUES(4, 29, 14, 2);
INSERT INTO ZleceniaUslugi (ID, ID_zlecenia, ID_uslugi, ilosc) VALUES(5, 2, 11, 2);
INSERT INTO ZleceniaUslugi (ID, ID_zlecenia, ID_uslugi, ilosc) VALUES(6, 6, 6, 1);
INSERT INTO ZleceniaUslugi (ID, ID_zlecenia, ID_uslugi, ilosc) VALUES(7, 16, 4, 1);
INSERT INTO ZleceniaUslugi (ID, ID_zlecenia, ID_uslugi, ilosc) VALUES(8, 22, 10, 2);
INSERT INTO ZleceniaUslugi (ID, ID_zlecenia, ID_uslugi, ilosc) VALUES(9, 12, 12, 2);
INSERT INTO ZleceniaUslugi (ID, ID_zlecenia, ID_uslugi, ilosc) VALUES(10, 4, 10, 1);
INSERT INTO ZleceniaUslugi (ID, ID_zlecenia, ID_uslugi, ilosc) VALUES(11, 15, 7, 1);
INSERT INTO ZleceniaUslugi (ID, ID_zlecenia, ID_uslugi, ilosc) VALUES(12, 29, 3, 1);
INSERT INTO ZleceniaUslugi (ID, ID_zlecenia, ID_uslugi, ilosc) VALUES(13, 1, 5, 1);
INSERT INTO ZleceniaUslugi (ID, ID_zlecenia, ID_uslugi, ilosc) VALUES(14, 11, 9, 1);
INSERT INTO ZleceniaUslugi (ID, ID_zlecenia, ID_uslugi, ilosc) VALUES(15, 7, 15, 2);